1025001007,出版物|图书|生活,颈部按摩技法附光盘/保健按摩一点通丛书 ,图书>健身与保健>中医保健>颈部按摩技法附光盘/保健按摩一点通丛书,京东商城,$N							,,
1025001007,出版物|图书|生活,家庭厨事ABC,图书>家居>生活指南,京东商城,,,
1025001007,出版物|图书|生活,三联生活周刊：大国的游戏（2011年专题合订本）,图书>杂志/期刊>生活休闲,京东商城,,,
1025001007,出版物|图书|生活,与花为伴系列.绿饰插花盆景问答:养花高招,首页 > 图书 > 生活休闲 > 家庭园艺,蔚蓝网,,,
1025001007,出版物|图书|生活,三联生活周刊（2011年第21期）,图书>杂志/期刊>新闻/人物,京东商城,,,
1025001007,出版物|图书|生活,生活月刊（2011年6月）,图书>杂志/期刊>生活休闲,京东商城,,,
1025001007,出版物|图书|生活,现代生活科学1000则,图书 > 家庭/家居 > 家事窍门 > 商品详情,当当网,无,,
1025001007,出版物|图书|生活,宜家风格家居1600例——书房(知名宜家派系大师为您讲解真正的宜家风格，一本真正超浓缩IKEABOOK！带您解读：“生活，从家开始”的真正定义。此书为钻石升级版，大师不再吝啬，增加内容保持原价！),图书 > 家庭/家居 > 家装效果实例 > 商品详情,当当网,无,,
1025001007,出版物|图书|生活,花卉栽培180问,首页 > 图书 > 生活休闲 > 家庭园艺,蔚蓝网,,,
1025001007,出版物|图书|生活,零起点就业直通车--园林植物育苗,首页 > 图书 > 生活休闲 > 家庭园艺,蔚蓝网,,,
1025001007,出版物|图书|生活,幸福开源:低收入女性单亲家庭的生活应对研究 [平装],图书 > 婚恋与两性 > 婚姻 > 幸福秘笈,亚马逊(卓越网),陈羿君,,
1025001007,出版物|图书|生活,我的第一本安全手册:家庭篇 [平装],图书 > 少儿 > 生活常识,亚马逊(卓越网),苏凝,,
1025001007,出版物|图书|生活,家庭今昔,首页 > 图书 > 生活休闲 > 婚姻与恋爱 > 婚姻,蔚蓝网,,,
1025001007,出版物|图书|生活,北海道玩全攻略,所有分类>图书杂志>生活>旅游/地图>国外自助旅游指南>图书>北海道玩全攻略,1号店,图书,,
1025001007,出版物|图书|生活,品味花木,首页 > 图书 > 生活休闲 > 家庭园艺,蔚蓝网,,,
1025001007,出版物|图书|生活,超值金版-家庭养花实用大全集,首页 > 图书 > 生活休闲 > 家庭园艺,蔚蓝网,,,
1025001007,出版物|图书|生活,水培花卉,首页 > 图书 > 生活休闲 > 家庭园艺,蔚蓝网,,,
1025001007,出版物|图书|生活,健康密码:健康大智慧?生活小窍门 ,红孩子图书烹饪美食家庭养生食谱健康密码:健康大智慧?生活小窍门,红孩子,,,
1025001007,出版物|图书|生活,服务篇-老年人十万个怎么办,您现在的位置： 北发图书网 >>图书 >> 家庭生活 >> 服务篇-老年人十万个怎么办,北发图书网,,,
1025001007,出版物|图书|生活,社区生活：图解家庭护理,图书>健身与保健>家庭保健,京东商城,,,
1025001007,出版物|图书|生活,社区生活：家庭维权与司法         ,图书 > 法律 > 法律普及读物 > 权益保护 > 商品详情,当当网,无,,
1025001007,出版物|图书|生活,家庭生活一点通,您现在的位置： 北发图书网 >>图书 >> 家庭生活 >> 家庭生活一点通,北发图书网,,,
1025001007,出版物|图书|生活,明日风尚（2012年12月）,图书>杂志/期刊>生活休闲,京东商城,,,
1025001007,出版物|图书|生活,锋绘（2013年1月下·第2期·总第029期）,图书>杂志/期刊>生活休闲,京东商城,,,
1025001007,出版物|图书|生活,一坪家庭菜園,图书>港台图书>居家生活,京东商城,,,
1025001007,出版物|图书|生活,家政进家庭,首页>图书>家居/休闲游戏>生活窍门>家政进家庭,苏宁,,,
1025001007,出版物|图书|生活,观赏植物学,首页 > 图书 > 生活休闲 > 家庭园艺,蔚蓝网,,,
1025001007,出版物|图书|生活,家庭养花一本通-彩图版,首页 > 图书 > 生活休闲 > 家庭园艺,蔚蓝网,,,
1025001007,出版物|图书|生活,园林树木学,首页 > 图书 > 生活休闲 > 家庭园艺,蔚蓝网,,,
1025001007,出版物|图书|生活,你好土.我好菜-三菜一汤.跟着节气过日子,您现在的位置： 北发图书网 >>图书 >> 家庭生活 >> 你好土.我好菜-三菜一汤.跟着节气过日子,北发图书网,,,
1025001007,出版物|图书|生活,80后幸福家庭生活系列套装书(智慧理财+夫妻关系+婆媳关系+家教育儿)(套装共4册) [平装],图书 > 婚恋与两性 > 婚姻 > 幸福秘笈,亚马逊(卓越网),东莫妮,,
1025001007,出版物|图书|生活,我是家政女王,您现在的位置： 北发图书网 >>图书 >> 家庭生活 >> 我是家政女王,北发图书网,,,
1025001007,出版物|图书|生活,树叶绿的时候下了场雪/生活认知成长青春励志故事,图书>小说>情感/家庭/婚姻>树叶绿的时候下了场雪/生活认知成长青春励...,京东商城,,,
1025001007,出版物|图书|生活,生活小窍门1500招(赠家庭记帐薄),图书>娱乐/休闲>休闲游戏>生活小窍门1500招(赠家庭记帐薄),京东商城,,,
1025001007,出版物|图书|生活,不安的生活 书籍 商城 正版（博雅文汇）,所有分类>图书杂志>孕婴童>低幼启蒙>科普百科>图书>不安的生活 书籍 商...,1号店,图书,,
1025001007,出版物|图书|生活,图书 宠物世界.猫迷,图书>杂志/期刊>生活休闲>图书宠物世界.猫迷,京东商城,,,
1025001007,出版物|图书|生活,杭州之夜12景(明信片)/中国风光明信片（博库）,所有分类>图书杂志>生活>旅游/地图>旅游摄影/画册>图书>杭州之夜12景(明信...,1号店,图书,,
1025001007,出版物|图书|生活,体育康复学(全国普通高等学校运动人体科学专业教学用书)（博库）,所有分类>图书杂志>生活>体育/运动>体育理论与教学>图书>体育康复学(全国普通...,1号店,图书,,
1025001007,出版物|图书|生活,图书 希腊玩全攻略(第2版),所有分类>图书杂志>生活>旅游/地图>旅游攻略>图书>图书 希腊玩全攻略(...,1号店,图书,,
1025001007,出版物|图书|生活,DVD美丽中国(江南春早)（博库）,所有分类>图书杂志>生活>旅游/地图>旅游攻略>图书>DVD美丽中国(江南...,1号店,图书,,
1025001007,出版物|图书|生活,茂名指南地图（博库）,所有分类>图书杂志>生活>旅游/地图>地图>图书>茂名指南地图（博库）,1号店,图书,,
1025001007,出版物|图书|生活,中国自驾旅游交通图集(全国版2013)（博库）,所有分类>图书杂志>生活>旅游/地图>地图>图书>中国自驾旅游交通图集...,1号店,图书,,
1025001007,出版物|图书|生活,小S之怀孕日记 小S怀孕日记 怀孕书籍,所有分类>图书杂志>生活>亲子/家教>培育女孩>图书>小S之怀孕日记 小S...,1号店,图书,,
1025001007,出版物|图书|生活,家庭医疗常识1000例 书籍 保养保健 商城 正版 （博雅文汇）,所有分类>图书杂志>生活>保健/养生>心理健康>图书>家庭医疗常识1000...,1号店,图书,,
1025001007,出版物|图书|生活,CD健身气功马王堆导引术功法音乐（博库）,所有分类>图书杂志>生活>体育/运动>其它运动>图书>CD健身气功马王堆导...,1号店,图书,,
1025001007,出版物|图书|生活,酸碱平衡特效食谱/吃对食物不生病系列（博库）,所有分类>图书杂志>生活>烹饪/美食>家常菜谱>图书>酸碱平衡特效食谱/吃...,1号店,图书,,
1025001007,出版物|图书|生活,我要自己穿衣服/小布叮早教引导 书籍 童书 畅销 商城（博雅文汇）,所有分类>图书杂志>生活>亲子/家教>亲子关系>图书>我要自己穿衣服/小布...,1号店,图书,,
1025001007,出版物|图书|生活,陈式太极拳精编套路及实战用法,图书杂志>生活>体育/运动>太极>图书,1号店,图书,,
1025001007,出版物|图书|生活,养生保健用书:养生堂《本草纲目》对症食疗速查全书 药膳食疗,图书杂志>生活>保健/养生>药膳食疗>图书,1号店,图书,,
1025001007,出版物|图书|生活,VCD普拉提形体入门（博库）,所有分类>图书杂志>生活>体育/运动>其它运动>图书>VCD普拉提形体入门...,1号店,图书,,
1025001007,出版物|图书|生活,365夜亲子小故事(冬天卷)(注音彩图版) 书籍 童书 畅销 (博雅文汇),图书杂志>生活>亲子/家教>亲子关系>图书,1号店,图书,,
1025001007,出版物|图书|生活,图书 常见骨关节疾病防治知识 张光武 编 2013-02-01,所有分类>图书杂志>生活>保健/养生>健康百科>图书>图书 常见骨关节疾病...,1号店,图书,,
1025001007,出版物|图书|生活,图书 总有一天.终点是拉萨(全彩) 姜浩峰 2013-05-01,所有分类>图书杂志>生活>旅游/地图>旅游攻略>图书>图书 总有一天.终点...,1号店,图书,,
1025001007,出版物|图书|生活,VCD PHOTOSHOP基础应用(3碟装)（博库）,所有分类>图书杂志>生活>休闲/爱好>游戏>图书>VCD PHOTOS...,1号店,图书,,
1025001007,出版物|图书|生活,三高人群居家疗法（博库）,所有分类>图书杂志>生活>保健/养生>常见病预防和治疗>图书>三高人群居家疗法（博...,1号店,图书,,
1025001007,出版物|图书|生活,提升孩子心理能力的成长故事（博雅文汇）,所有分类>图书杂志>生活>亲子/家教>素质教育>图书>提升孩子心理能力的成...,1号店,图书,,
1025001007,出版物|图书|生活,DVD攻击与治孤（博库）,所有分类>图书杂志>生活>体育/运动>其它运动>图书>DVD攻击与治孤（博...,1号店,图书,,
1025001007,出版物|图书|生活,图书 颈椎病自我疗法大全 陶涛 2013-05-01,所有分类>图书杂志>生活>保健/养生>健康百科>图书>图书 颈椎病自我疗法...,1号店,图书,,
1025001007,出版物|图书|生活,VCD二十四式太极剑/无师自通养生系列（博库）,所有分类>图书杂志>生活>体育/运动>其它运动>图书>VCD二十四式太极剑...,1号店,图书,,
1025001007,出版物|图书|生活,爱犬选养/看图养宠物系列（博库）,所有分类>图书杂志>生活>休闲/爱好>宠物杂事>图书>爱犬选养/看图养宠物...,1号店,图书,,
1025001007,出版物|图书|生活,图书 阳台花艺入门 陈暑艳 2011-04-01,所有分类>图书杂志>生活>休闲/爱好>车载户外>图书>图书 阳台花艺入门 ...,1号店,图书,,
1025001007,出版物|图书|生活,图书 轻熟女的美丽日记 荣格格 2012-08-01,所有分类>图书杂志>生活>休闲/爱好>车载户外>图书>图书 轻熟女的美丽日...,1号店,图书,,
1025001007,出版物|图书|生活,四川省城乡地图册（博库）,所有分类>图书杂志>生活>旅游/地图>地图>图书>四川省城乡地图册（博...,1号店,图书,,
1025001007,出版物|图书|生活,实用图示按摩疗法/实用图示外治疗法丛书（博库）,所有分类>图书杂志>生活>保健/养生>常见病预防和治疗>图书>实用图示按摩疗法/实...,1号店,图书,,
1025001007,出版物|图书|生活,CD-R数码工程师机械设计&综合提高(2碟装)/芝麻开门（博库）,所有分类>图书杂志>生活>休闲/爱好>游戏>图书>CD-R数码工程师机...,1号店,图书,,
1025001007,出版物|图书|生活,我爱猫咪(宠物达人绘幸福)(精)/幸福绘馆（博库）,所有分类>图书杂志>生活>休闲/爱好>宠物杂事>图书>我爱猫咪(宠物达人绘...,1号店,图书,,
1025001007,出版物|图书|生活,不可不知的营养常识 书籍 保养保健 商城 正版 （博雅文汇）,所有分类>图书杂志>生活>保健/养生>饮食健康>图书>不可不知的营养常识 ...,1号店,图书,,
1025001007,出版物|图书|生活,不贫血就这样简单 书籍 保养保健 商城 （博雅文汇）,所有分类>图书杂志>生活>保健/养生>饮食健康>图书>不贫血就这样简单 书...,1号店,图书,,
1025001007,出版物|图书|生活,阳台上最容易种的那些菜（博库）,所有分类>图书杂志>杂志>生活家庭>健康之家>图书>阳台上最容易种的那些...,1号店,图书,,
1025001007,出版物|图书|生活,DVD老年常见病中医防治（博库）,所有分类>图书杂志>生活>保健/养生>健康百科>图书>DVD老年常见病中医...,1号店,图书,,
1025001007,出版物|图书|生活,当我们谈论婚姻时我们在谈论什么（博库）,所有分类>图书杂志>生活>两性>婚姻>图书>当我们谈论婚姻时我们...,1号店,图书,,
1025001007,出版物|图书|生活,聪明女人要懂得的博弈论（博库）,所有分类>图书杂志>生活>两性>婚姻>图书>聪明女人要懂得的博弈...,1号店,图书,,
1025001007,出版物|图书|生活,好女魅力如花的12张亮牌（博库）,所有分类>图书杂志>生活>两性>婚姻>图书>好女魅力如花的12张...,1号店,图书,,
1025001007,出版物|图书|生活,DVD社区大众舞（博库）,所有分类>图书杂志>生活>体育/运动>其它运动>图书>DVD社区大众舞（博...,1号店,图书,,
1025001007,出版物|图书|生活,抗衰老手册（博库）,所有分类>图书杂志>生活>时尚/美妆>护肤/美容整形>图书>抗衰老手册（博库）,1号店,图书,,
1025001007,出版物|图书|生活,儿内外科护理学(医师继续教育用书)(精)（博库）,所有分类>图书杂志>生活>时尚/美妆>护肤/美容整形>图书>儿内外科护理学(医师...,1号店,图书,,
1025001007,出版物|图书|生活,温病学临床发挥/重读中医经典丛书（博库）,所有分类>图书杂志>生活>时尚/美妆>护肤/美容整形>图书>温病学临床发挥/重读...,1号店,图书,,
1025001007,出版物|图书|生活,知性美女养成攻略（博库）,所有分类>图书杂志>生活>两性>婚姻>图书>知性美女养成攻略（博...,1号店,图书,,
1025001007,出版物|图书|生活,开发大脑潜能/越玩越聪明的智力游戏（博库）,所有分类>图书杂志>生活>休闲/爱好>游戏>图书>开发大脑潜能/越玩越...,1号店,图书,,
1025001007,出版物|图书|生活,许自己一座美丽的花园：金韵蓉谈爱情与婚姻（都市最抚慰人心,所有分类>图书杂志>生活>两性>婚姻>图书>许自己一座美丽的花园...,1号店,图书,,
1025001007,出版物|图书|生活,你该知道的真爱秘密（著名两性关系专家芭芭拉·安吉丽思经典,所有分类>图书杂志>生活>两性>婚姻>图书>你该知道的真爱秘密（...,1号店,图书,,
1025001007,出版物|图书|生活,我勒个去，分手--一段恋情需要说1000次分手，方能修成正果！p,所有分类>图书杂志>生活>两性>婚姻>图书>我勒个去，分手--一...,1号店,图书,,
1025001007,出版物|图书|生活,世界上最有魅力的妻子 (珍藏版)(魅力圣经)/20753482,所有分类>图书杂志>生活>两性>婚姻>图书>世界上最有魅力的妻子...,1号店,图书,,
1025001007,出版物|图书|生活,我们都要性小康中国人性爱的非常罪与非常美中国性小,所有分类>图书杂志>生活>两性>婚姻>图书>我们都要性小康中国人...,1号店,图书,,
1025001007,出版物|图书|生活,精子来自男人卵子来自女人/20645700,所有分类>图书杂志>生活>两性>婚姻>图书>精子来自男人卵子来自...,1号店,图书,,
1025001007,出版物|图书|生活,"非分之想（包装文艺，""邪""气依旧，男人也好女人也好，都有那",所有分类>图书杂志>生活>两性>婚姻>图书>非分之想（包装文艺，...,1号店,图书,,
1025001007,出版物|图书|生活,365天亲密志一份精心制订的性爱计划/21103418,所有分类>图书杂志>生活>两性>婚姻>图书>365天亲密志一份精...,1号店,图书,,
1025001007,出版物|图书|生活,幸福婚姻的7堂必修课/20523221,所有分类>图书杂志>生活>两性>婚姻>图书>幸福婚姻的7堂必修课...,1号店,图书,,
1025001007,出版物|图书|生活,读爱术：当当网全国首发！瑞典著名读心术大师亨利克.费克萨斯,所有分类>图书杂志>生活>两性>婚姻>图书>读爱术：当当网全国首...,1号店,图书,,
1025001007,出版物|图书|生活,爱情半边脸/9226870,所有分类>图书杂志>生活>两性>婚姻>图书>爱情半边脸/9226...,1号店,图书,,
1025001007,出版物|图书|生活,男人第一课：如何发现、吸引和抓住完美的女人/9201878,所有分类>图书杂志>生活>两性>婚姻>图书>男人第一课：如何发现...,1号店,图书,,
1025001007,出版物|图书|生活,老师不教的恋爱课（如何让你，在我最美丽的时刻，遇见我。恋,所有分类>图书杂志>生活>两性>婚姻>图书>老师不教的恋爱课（如...,1号店,图书,,
1025001007,出版物|图书|生活,爱情“禅”/23183700,所有分类>图书杂志>生活>两性>婚姻>图书>爱情“禅”/2318...,1号店,图书,,
1025001007,出版物|图书|生活,爱情随堂考（双色）/23163905,所有分类>图书杂志>生活>两性>婚姻>图书>爱情随堂考（双色）/...,1号店,图书,,
1025001007,出版物|图书|生活,做到位更要说到位—男人征服世界的秘密/22606816,所有分类>图书杂志>生活>两性>婚姻>图书>做到位更要说到位—男...,1号店,图书,,
1025001007,出版物|图书|生活,男性批判/22589336,所有分类>图书杂志>生活>两性>婚姻>图书>男性批判/22589...,1号店,图书,,
1025001007,出版物|图书|生活,我不是好女生(情感励志作家 草莓图腾，拯救爱情私房书！这个,所有分类>图书杂志>生活>两性>婚姻>图书>我不是好女生(情感励...,1号店,图书,,
1025001007,出版物|图书|生活,保鲜爱情，保鲜自己/22453781,所有分类>图书杂志>生活>两性>婚姻>图书>保鲜爱情，保鲜自己/...,1号店,图书,,
1025001007,出版物|图书|生活,爱情保卫战——战术心术用人术，一个都不能少！/21120915,所有分类>图书杂志>生活>两性>婚姻>图书>爱情保卫战——战术心...,1号店,图书,,
1025001007,出版物|图书|生活,不当败犬 做魅力女王/21099335,所有分类>图书杂志>生活>两性>婚姻>图书>不当败犬 做魅力女王...,1号店,图书,,
1025001007,出版物|图书|生活,性爱学分/21046508,所有分类>图书杂志>生活>两性>婚姻>图书>性爱学分/21046...,1号店,图书,,
1025001007,出版物|图书|生活,钻石男人通辑令：嫁个有钱好男人/20977189,所有分类>图书杂志>生活>两性>婚姻>图书>钻石男人通辑令：嫁个...,1号店,图书,,
1025001007,出版物|图书|生活,边旅行边恋爱/20873935,所有分类>图书杂志>生活>两性>婚姻>图书>边旅行边恋爱/208...,1号店,图书,,
1025001007,出版物|图书|生活,灰姑娘厚黑学：寻找国王的50条狐狸法则（写给成年人的童话寓,所有分类>图书杂志>生活>两性>婚姻>图书>灰姑娘厚黑学：寻找国...,1号店,图书,,
1025001007,出版物|图书|生活,超级实话男女/20738019,所有分类>图书杂志>生活>两性>婚姻>图书>超级实话男女/207...,1号店,图书,,
1025001007,出版物|图书|生活,情侣大测试（你们两个究竟有多合适？）/20650392,所有分类>图书杂志>生活>两性>婚姻>图书>情侣大测试（你们两个...,1号店,图书,,
1025001007,出版物|图书|生活,新婚必读/20514911,所有分类>图书杂志>生活>两性>婚姻>图书>新婚必读/20514...,1号店,图书,,
1025001007,出版物|图书|生活,新男女关系/20450963,所有分类>图书杂志>生活>两性>婚姻>图书>新男女关系/2045...,1号店,图书,,
1025001007,出版物|图书|生活,男女结合的奥秘：男人和女人关系中一种新的发牌方式/20163928,所有分类>图书杂志>生活>两性>婚姻>图书>男女结合的奥秘：男人...,1号店,图书,,
1025001007,出版物|图书|生活,约会安全手册/9317392,所有分类>图书杂志>生活>两性>婚姻>图书>约会安全手册/931...,1号店,图书,,
1025001007,出版物|图书|生活,中国男性性调查报告/9128113,所有分类>图书杂志>生活>两性>婚姻>图书>中国男性性调查报告/...,1号店,图书,,
1025001007,出版物|图书|生活,婚前辅导DIY/20919162,所有分类>图书杂志>生活>两性>婚姻>图书>婚前辅导DIY/20...,1号店,图书,,
1025001007,出版物|图书|生活,给太太:关爱太太宝典/21074240,所有分类>图书杂志>生活>两性>婚姻>图书>给太太:关爱太太宝典...,1号店,图书,,
1025001007,出版物|图书|生活,解码男女/21014217,所有分类>图书杂志>生活>两性>婚姻>图书>解码男女/21014...,1号店,图书,,
1025001007,出版物|图书|生活,识别坏男人/21006186,所有分类>图书杂志>生活>两性>婚姻>图书>识别坏男人/2100...,1号店,图书,,
1025001007,出版物|图书|生活,做爱情的操盘手/20976715,所有分类>图书杂志>生活>两性>婚姻>图书>做爱情的操盘手/20...,1号店,图书,,
1025001007,出版物|图书|生活,给个机会说爱你——今天，你相亲了吗？/22526695,所有分类>图书杂志>生活>两性>婚姻>图书>给个机会说爱你——今...,1号店,图书,,
1025001007,出版物|图书|生活,女人别让婚姻毁了你/20066188,所有分类>图书杂志>生活>两性>婚姻>图书>女人别让婚姻毁了你/...,1号店,图书,,
1025001007,出版物|图书|生活,好男人，倒贴也要追/8985702,所有分类>图书杂志>生活>两性>婚姻>图书>好男人，倒贴也要追/...,1号店,图书,,
1025001007,出版物|图书|生活,现代住宅风水/20898231,所有分类>图书杂志>生活>风水/占卜>占卜/手相/算命>图书>现代住宅风水/208...,1号店,图书,,
1025001007,出版物|图书|生活,周公解梦全集/22881391,所有分类>图书杂志>生活>风水/占卜>占卜/手相/算命>图书>周公解梦全集/228...,1号店,图书,,
1025001007,出版物|图书|生活,活出你自己：你的第一本心理占星书（实践篇）/22895625,所有分类>图书杂志>生活>风水/占卜>占卜/手相/算命>图书>活出你自己：你的第一...,1号店,图书,,
1025001007,出版物|图书|生活,东京(图文...,所有分类>图书杂志>生活>旅游/地图>旅游攻略>图书>图书 嗨,图书 嗨,东京(图文版),1号店,图书
1025001007,出版物|图书|生活,近代家庭的形成和终结,所有分类>图书杂志>生活>两性>两性关系>图书>近代家庭的形成和终结,1号店,图书,,
1025001007,出版物|图书|生活,品读天下·最美文 双子座　上帝的名字叫希望/22784331,所有分类>图书杂志>生活>风水/占卜>占卜/手相/算命>图书>品读天下·最美文 双...,1号店,图书,,
1025001007,出版物|图书|生活,非常楼盘 楼盘风水/22609093,所有分类>图书杂志>生活>风水/占卜>占卜/手相/算命>图书>非常楼盘 楼盘风水/...,1号店,图书,,
1025001007,出版物|图书|生活,传统环境学图文百科/22456478,所有分类>图书杂志>生活>风水/占卜>占卜/手相/算命>图书>传统环境学图文百科/...,1号店,图书,,
1025001007,出版物|图书|生活,这是一本测试书/21005418,所有分类>图书杂志>生活>风水/占卜>占卜/手相/算命>图书>这是一本测试书/21...,1号店,图书,,
1025001007,出版物|图书|生活,是什么决定了你的运气：职场开运魔法书/20936495,所有分类>图书杂志>生活>风水/占卜>占卜/手相/算命>图书>是什么决定了你的运气...,1号店,图书,,
1025001007,出版物|图书|生活,家装888招·电视墙/20738554,所有分类>图书杂志>生活>风水/占卜>占卜/手相/算命>图书>家装888招·电视墙...,1号店,图书,,
1025001007,出版物|图书|生活,中华民俗老黄历/20396064,所有分类>图书杂志>生活>风水/占卜>占卜/手相/算命>图书>中华民俗老黄历/20...,1号店,图书,,
1025001007,出版物|图书|生活,解梦1001/20130616,所有分类>图书杂志>生活>风水/占卜>占卜/手相/算命>图书>解梦1001/201...,1号店,图书,,
1025001007,出版物|图书|生活,生命的领地：风水与命运/9238111,所有分类>图书杂志>生活>风水/占卜>占卜/手相/算命>图书>生命的领地：风水与命...,1号店,图书,,
1025001007,出版物|图书|生活,4月：4·21/158573,所有分类>图书杂志>生活>风水/占卜>占卜/手相/算命>图书>4月：4·21/15...,1号店,图书,,
1025001007,出版物|图书|生活,大师教你轻松读懂2011年中华民历/20983496,所有分类>图书杂志>生活>风水/占卜>占卜/手相/算命>图书>大师教你轻松读懂20...,1号店,图书,,
1025001007,出版物|图书|生活,图书 韩式礼品包装 田蓉蓉，左佳 著 2006-07-01,所有分类>图书杂志>生活>休闲/爱好>车载户外>图书>图书 韩式礼品包装 ...,1号店,图书,,
1025001007,出版物|图书|生活,走进长寿村（文轩）,所有分类>图书杂志>生活>保健/养生>健康百科>图书>走进长寿村（文轩）,1号店,图书,,
1025001007,出版物|图书|生活,家常食物营养与保健食谱全书（文轩）,所有分类>图书杂志>生活>保健/养生>健康百科>图书>家常食物营养与保健食...,1号店,图书,,
1025001007,出版物|图书|生活,板块周期：运动训练的创新突破（文轩）,所有分类>图书杂志>生活>体育/运动>体育理论与教学>图书>板块周期：运动训练的...,1号店,图书,,
1025001007,出版物|图书|生活,第一次搭讪就上手(文轩),图书杂志>生活>两性>两性关系 >图书,1号店,图书,,
1025001007,出版物|图书|生活,武则天传 人物人物人物传记 书籍 商城 正版 -博雅文汇,所有分类>图书杂志>生活>两性>恋爱>图书>武则天传 人物人物人...,1号店,图书,,
1025001007,出版物|图书|生活,9787500439110/透过镜头/国家地理学会 编,所有分类>图书杂志>生活>旅游/地图>旅游理论与实务>图书>9787500439...,1号店,图书,,
1025001007,出版物|图书|生活,宅男盛女经济学 书籍 商城 正版 -博雅文汇,所有分类>图书杂志>生活>两性>恋爱>图书>宅男盛女经济学 书籍...,1号店,图书,,
1025001007,出版物|图书|生活,完全自游韩国(2012-2013升级版)/9787030296146/墨刻编辑部,所有分类>图书杂志>生活>旅游/地图>旅游攻略>图书>完全自游韩国(201...,1号店,图书,,
1025001007,出版物|图书|生活,每个女人都需要有的&quot;六个丈夫&quot; -博雅文汇,所有分类>图书杂志>生活>两性>恋爱>图书>每个女人都需要有的&...,1号店,图书,,
1025001007,出版物|图书|生活,恒河水上（...,所有分类>图书杂志>生活>旅游/地图>旅游攻略>图书>菩提树下,菩提树下,恒河水上（文轩）,1号店,图书
1025001007,出版物|图书|生活,上海地铁创意生活/CREATIVELIFEINSHANGHAISUBWAY(英文版)（文轩）,所有分类>图书杂志>生活>旅游/地图>旅游攻略>图书>上海地铁创意生活/C...,1号店,图书,,
1025001007,出版物|图书|生活,开始在韩国自助旅行(第3版) 书籍 户外旅游 商城 正版 -博雅文汇,所有分类>图书杂志>生活>旅游/地图>旅游攻略>图书>开始在韩国自助旅行(...,1号店,图书,,
1025001007,出版物|图书|生活,巴黎玩全攻略 书籍 户外旅游 商城 正版 -博雅文汇,所有分类>图书杂志>生活>旅游/地图>旅游攻略>图书>巴黎玩全攻略 书籍 ...,1号店,图书,,
1025001007,出版物|图书|生活,商业经济论丛 书籍 商城 正版 -博雅文汇,所有分类>图书杂志>生活>旅游/地图>旅游攻略>图书>商业经济论丛 书籍 ...,1号店,图书,,
1025001007,出版物|图书|生活,陕西(第3版) 书籍 户外旅游 商城 正版 -博雅文汇,所有分类>图书杂志>生活>旅游/地图>旅游攻略>图书>陕西(第3版) 书籍...,1号店,图书,,
1025001007,出版物|图书|生活,走进澳大利亚（文轩）,所有分类>图书杂志>生活>旅游/地图>旅游攻略>图书>走进澳大利亚（文轩）,1号店,图书,,
1025001007,出版物|图书|生活,正版现货 台湾趴趴行 旅游旅行书籍,图书杂志>生活>旅游/地图>旅游随笔>图书,1号店,图书,,
1025001007,出版物|图书|生活,9787806468326/中国名窑地图/马骋,所有分类>图书杂志>生活>旅游/地图>地图>图书>9787806468...,1号店,图书,,
1025001007,出版物|图书|生活,图书 小儿脑瘫.疑难病症诊治跨媒体丛书 2011-02-01,所有分类>图书杂志>生活>保健/养生>健康百科>图书>图书 小儿脑瘫.疑难...,1号店,图书,,
1025001007,出版物|图书|生活,人一生要去的100个地方.中国篇（文轩）,所有分类>图书杂志>生活>旅游/地图>旅游攻略>图书>人一生要去的100个...,1号店,图书,,
1025001007,出版物|图书|生活,优生优育学（文轩）,所有分类>图书杂志>生活>保健/养生>健康百科>图书>优生优育学（文轩）,1号店,图书,,
1025001007,出版物|图书|生活,图书 食品与健康,图书杂志>杂志>生活家庭>现代家庭>图书,1号店,图书,,
1025001007,出版物|图书|生活,上海托幼·育儿生活,图书杂志>杂志>母婴亲子>亲子杂志>图书,1号店,图书,,
1025001007,出版物|图书|生活,世界地形-（新博）,所有分类>图书杂志>生活>旅游/地图>地图>图书>世界地形-（新博）,1号店,图书,,
1025001007,出版物|图书|生活,正版 旅游教育 乐游全球 德国,图书杂志>生活>旅游/地图>旅游攻略>图书,1号店,图书,,
1025001007,出版物|图书|生活,心理专家给女性的88个幸福处方,所有分类>图书杂志>生活>两性>婚姻>图书>心理专家给女性的88...,1号店,图书,,
1025001007,出版物|图书|生活,南京名人故居史话（文轩）,所有分类>图书杂志>生活>旅游/地图>旅游攻略>图书>南京名人故居史话（文...,1号店,图书,,
1025001007,出版物|图书|生活,风中的旅人（文轩）,所有分类>图书杂志>生活>旅游/地图>旅游攻略>图书>风中的旅人（文轩）,1号店,图书,,
1025001007,出版物|图书|生活,图书 新编花病防治百科 2010-08-01,所有分类>图书杂志>生活>休闲/爱好>车载户外>图书>图书 新编花病防治百...,1号店,图书,,
1025001007,出版物|图书|生活,图书 肝炎病人生活指导 张文瑾 编 2012-05-01,所有分类>图书杂志>生活>保健/养生>健康百科>图书>图书 肝炎病人生活指...,1号店,图书,,
1025001007,出版物|图书|生活,最有趣的漫画百科书最让孩子着迷的101个生活常识/22923438,所有分类>图书杂志>孕婴童>低幼启蒙>科普百科>图书>最有趣的漫画百科书最...,1号店,图书,,
1025001007,出版物|图书|生活,我就是想停下来看看这个世界 单身女孩休学旅行 户外旅游 赠书签,图书杂志>生活>旅游/地图>旅游随笔>图书,1号店,图书,,
1025001007,出版物|图书|生活,小小科学馆与孩子分享生活的智慧/23233412,所有分类>图书杂志>孕婴童>低幼启蒙>科普百科>图书>小小科学馆与孩子分享...,1号店,图书,,
1025001007,出版物|图书|生活,贵州自助游(2012-2013版)-博雅文汇,图书杂志>生活>旅游/地图>旅游理论与实务>图书,1号店,图书,,
1025001007,出版物|图书|生活,成熟的爱情不走音/20910467,所有分类>图书杂志>生活>两性>婚姻>图书>成熟的爱情不走音/2...,1号店,图书,,
1025001007,出版物|图书|生活,夫妻之爱/22635923,所有分类>图书杂志>生活>两性>婚姻>图书>夫妻之爱/22635...,1号店,图书,,
1025001007,出版物|图书|生活,领导干部每天读点心理学/22896337,所有分类>图书杂志>生活>休闲/爱好>宠物杂事>图书>领导干部每天读点心理...,1号店,图书,,
1025001007,出版物|图书|生活,学校管理心理学/20124958,所有分类>图书杂志>生活>休闲/爱好>宠物杂事>图书>学校管理心理学/20...,1号店,图书,,
1025001007,出版物|图书|生活,广东旅行Lets Go（文轩）,所有分类>图书杂志>生活>旅游/地图>旅游攻略>图书>广东旅行Lets G...,1号店,图书,,
1025001007,出版物|图书|生活,文学与神明：饶宗颐访谈录（博雅文汇）,所有分类>图书杂志>生活>旅游/地图>旅游攻略>图书>文学与神明：饶宗颐访...,1号店,图书,,
1025001007,出版物|图书|生活,一本就够...,所有分类>图书杂志>生活>旅游/地图>旅游攻略>图书>加拿大旅行,加拿大旅行,一本就够:中文.英文 （博雅文汇）,1号店,图书
1025001007,出版物|图书|生活,东南亚旅行Let&rsquo;s go 书籍 户外旅游 商城 （博雅文汇）,所有分类>图书杂志>生活>旅游/地图>旅游攻略>图书>东南亚旅行Let&r...,1号店,图书,,
1025001007,出版物|图书|生活,热心肠齐齐 -博雅文汇,所有分类>图书杂志>生活>亲子/家教>亲子关系>图书>热心肠齐齐 -博雅...,1号店,图书,,
1025001007,出版物|图书|生活,9787561344408/图解黄帝内经全集:中国传统养生的根本大典(白话全,所有分类>图书杂志>生活>保健/养生>中医养生>图书>9787561344...,1号店,图书,,
1025001007,出版物|图书|生活,武当张三丰太极拳一百零八式,所有分类>图书杂志>生活>体育/运动>休闲运动>图书>武当张三丰太极拳一百...,1号店,图书,,
1025001007,出版物|图书|生活,我是最厉害的大野狼 -博雅文汇,所有分类>图书杂志>生活>亲子/家教>亲子关系>图书>我是最厉害的大野狼 ...,1号店,图书,,
1025001007,出版物|图书|生活,9787506735339/焦虑障碍/许天红,所有分类>图书杂志>生活>保健/养生>心理健康>图书>9787506735...,1号店,图书,,
1025001007,出版物|图书|生活,有病治病 无病防身（文轩）,所有分类>图书杂志>生活>保健/养生>健康百科>图书>有病治病 无病防身（...,1号店,图书,,
1025001007,出版物|图书|生活,相爱的艺术-《男人来自火星,图书杂志>生活>两性>恋爱>图书,女人来自金星》作者约翰.格雷首选必读杰作,1号店,图书,
1025001007,出版物|图书|生活,9787811368369/国家临床执业(助理)医师资格考试高分宝典(套装上,所有分类>图书杂志>生活>保健/养生>常见病预防和治疗>图书>9787811368...,1号店,图书,,
1025001007,出版物|图书|生活,9787801783219/排毒(修订版)/金银龄,所有分类>图书杂志>生活>保健/养生>常见病预防和治疗>图书>9787801783...,1号店,图书,,
1025001007,出版物|图书|生活,图书 《本能 突破瓶颈》+《荒野求生手册》（共2册） 贝尔·格里尔斯 2011-12-01,所有分类>图书杂志>生活>旅游/地图>旅游攻略>图书>图书 《本能 突破瓶...,1号店,图书,,
1025001007,出版物|图书|生活,和谐养生少生病（文轩）,所有分类>图书杂志>生活>保健/养生>健康百科>图书>和谐养生少生病（文轩...,1号店,图书,,
1025001007,出版物|图书|生活,剩男剩女相亲记（文轩）,所有分类>图书杂志>生活>两性>两性关系>图书>剩男剩女相亲记（文轩...,1号店,图书,,
1025001007,出版物|图书|生活,图书 品酒/鸡尾酒全书 [英]本·里德（BenReed） 2010-05-25,所有分类>图书杂志>生活>休闲/爱好>车载户外>图书>图书 品酒/鸡尾酒全...,1号店,图书,,
1025001007,出版物|图书|生活,我就是这样瘦下来的（文轩）,所有分类>图书杂志>生活>休闲/爱好>车载户外>图书>我就是这样瘦下来的（...,1号店,图书,,
1025001007,出版物|图书|生活,希腊手绘旅行（文轩）,所有分类>图书杂志>生活>旅游/地图>旅游攻略>图书>希腊手绘旅行（文轩）,1号店,图书,,
1025001007,出版物|图书|生活,葡萄酒鉴(上下册)（文轩）,所有分类>图书杂志>生活>休闲/爱好>车载户外>图书>葡萄酒鉴(上下册)（...,1号店,图书,,
1025001007,出版物|图书|生活,图书 立体丝网花 丝网花的精品概念,所有分类>图书杂志>生活>休闲/爱好>车载户外>图书>图书 立体丝网花 丝...,1号店,图书,,
1025001007,出版物|图书|生活,图书时尚小茶点/汗牛养生馆,所有分类>图书杂志>生活>烹饪/美食>烘焙甜品>图书>图书时尚小茶点/汗牛...,1号店,图书,,
1025001007,出版物|图书|生活,孕期营养指南/汗牛养生馆（博库）,所有分类>图书杂志>生活>保健/养生>常见病预防和治疗>图书>孕期营养指南/汗牛养...,1号店,图书,,
1025001007,出版物|图书|生活,心理自助/心理问题自己解决,所有分类>图书杂志>生活>保健/养生>心理健康>图书>心理自助/心理问题自...,1号店,图书,,
1025001007,出版物|图书|生活,100魅力城市,所有分类>图书杂志>生活>旅游/地图>旅游摄影/画册>图书>100魅力城市,1号店,图书,,
1025001007,出版物|图书|生活,一个人的环球游画（文轩）,所有分类>图书杂志>生活>旅游/地图>旅游攻略>图书>一个人的环球游画（文...,1号店,图书,,
1025001007,出版物|图书|生活,奥林匹克中华情（文轩）,所有分类>图书杂志>生活>体育/运动>休闲运动>图书>奥林匹克中华情（文轩...,1号店,图书,,
1025001007,出版物|图书|生活,波斯猫.异国短毛猫（文轩）,所有分类>图书杂志>生活>休闲/爱好>车载户外>图书>波斯猫.异国短毛猫（...,1号店,图书,,
1025001007,出版物|图书|生活,脱发简便自疗（文轩）,所有分类>图书杂志>生活>保健/养生>健康百科>图书>脱发简便自疗（文轩）,1号店,图书,,
1025001007,出版物|图书|生活,绅士秘笈（文轩）,所有分类>图书杂志>生活>休闲/爱好>车载户外>图书>绅士秘笈（文轩）,1号店,图书,,
1025001007,出版物|图书|生活,图书 饮食宜忌速查手册(金版),所有分类>图书杂志>生活>保健/养生>健康百科>图书>图书 饮食宜忌速查手...,1号店,图书,,
1025001007,出版物|图书|生活,就算分离也要和你相遇爱是一种能力也是一种勇气恋爱指南婚姻?,所有分类>图书杂志>生活>两性>婚姻>图书>就算分离也要和你相遇...,1号店,图书,,
1025001007,出版物|图书|生活,衣食住行与中老年保健,所有分类>图书杂志>生活>保健/养生>中老年养生>图书>衣食住行与中老年保健,1号店,图书,,
1025001007,出版物|图书|生活,美丽圣经（文轩）,所有分类>图书杂志>生活>休闲/爱好>车载户外>图书>美丽圣经（文轩）,1号店,图书,,
1025001007,出版物|图书|生活,内脏减脂书（文轩）,所有分类>图书杂志>生活>保健/养生>健康百科>图书>内脏减脂书（文轩）,1号店,图书,,
1025001007,出版物|图书|生活,好性格决定孩子的一生,所有分类>图书杂志>生活>亲子/家教>亲子关系>图书>好性格决定孩子的一生,1号店,图书,,
1025001007,出版物|图书|生活,见证水立方（博库）,所有分类>图书杂志>生活>体育/运动>体育理论与教学>图书>见证水立方（博库）,1号店,图书,,
1025001007,出版物|图书|生活,DVD云南春城昆明 中国旅游 (4碟装)（博库）,所有分类>图书杂志>生活>旅游/地图>旅游攻略>图书>DVD云南春城昆明 ...,1号店,图书,,
1025001007,出版物|图书|生活,DVD对局中的棋形（博库）,所有分类>图书杂志>生活>体育/运动>其它运动>图书>DVD对局中的棋形（...,1号店,图书,,
1025001007,出版物|图书|生活,解读女性婚姻密码,所有分类>图书杂志>生活>两性>婚姻>图书>解读女性婚姻密码,1号店,图书,,
1025001007,出版物|图书|生活,知余常乐（文轩）,所有分类>图书杂志>生活>保健/养生>健康百科>图书>知余常乐（文轩）,1号店,图书,,
1025001007,出版物|图书|生活,私房拼布丛书 拼布入门（文轩）,所有分类>图书杂志>生活>休闲/爱好>车载户外>图书>私房拼布丛书 拼布入...,1号店,图书,,
1025001007,出版物|图书|生活,我们都爱牛仔酷（文轩）,所有分类>图书杂志>生活>休闲/爱好>车载户外>图书>我们都爱牛仔酷（文轩...,1号店,图书,,
1025001007,出版物|图书|生活,太极拳全书/老拳谱辑集丛书(第2辑),所有分类>图书杂志>生活>体育/运动>太极>图书>太极拳全书/老拳谱辑...,1号店,图书,,
1025001007,出版物|图书|生活,孩子是问路的客人,所有分类>图书杂志>生活>亲子/家教>亲子关系>图书>孩子是问路的客人,1号店,图书,,
1025001007,出版物|图书|生活,图书 我就是时尚:法国女人的时尚之钥,所有分类>图书杂志>生活>休闲/爱好>车载户外>图书>图书 我就是时尚:法...,1号店,图书,,
1025001007,出版物|图书|生活,混搭！混搭！（文轩）,所有分类>图书杂志>生活>休闲/爱好>车载户外>图书>混搭！混搭！（文轩）,1号店,图书,,
1025001007,出版物|图书|生活,爱上串珠耳环（文轩）,所有分类>图书杂志>生活>休闲/爱好>车载户外>图书>爱上串珠耳环（文轩）,1号店,图书,,
1025001007,出版物|图书|生活,女人和老虎：以及其他逻辑谜题/逻辑的能力可以帮助你了解世上最（文轩）,所有分类>图书杂志>生活>两性>两性关系>图书>女人和老虎：以及其他...,1号店,图书,,
1025001007,出版物|图书|生活,别让你的眼神出卖你:全方位看懂人心的FBI识人术 -博雅文汇,图书杂志>生活>亲子/家教>心理疏导>图书,1号店,图书,,
1025001007,出版物|图书|生活,焦虑的现代人 -博雅文汇,图书杂志>生活>亲子/家教>心理疏导>图书,1号店,图书,,
1025001007,出版物|图书|生活,图书 阳台种菜彩图详解 曹华 编 2013-03-01,所有分类>图书杂志>生活>休闲/爱好>车载户外>图书>图书 阳台种菜彩图详...,1号店,图书,,
1025001007,出版物|图书|生活,图书少林六合功养生与搏击秘传(附光盘),所有分类>图书杂志>生活>体育/运动>武术/气功>图书>图书少林六合功养生与...,1号店,图书,,
1025001007,出版物|图书|生活,图书 内功是怎样练成的,所有分类>图书杂志>生活>体育/运动>休闲运动>图书>图书 内功是怎样练成...,1号店,图书,,
1025001007,出版物|图书|生活,七日瑜伽减压安神(含光盘),所有分类>图书杂志>生活>时尚/美妆>瑜伽>图书>七日瑜伽减压安神(含...,1号店,图书,,
1025001007,出版物|图书|生活,图书养生百科1000问,所有分类>图书杂志>生活>保健/养生>常见病预防和治疗>图书>图书养生百科1000...,1号店,图书,,
1025001007,出版物|图书|生活,小儿抚触按摩图解（博库）,所有分类>图书杂志>生活>保健/养生>常见病预防和治疗>图书>小儿抚触按摩图解（博...,1号店,图书,,
1025001007,出版物|图书|生活,家庭养花（博库）,所有分类>图书杂志>杂志>生活家庭>健康之家>图书>家庭养花（博库）,1号店,图书,,
1025001007,出版物|图书|生活,伴侣犬饲养调教手册（博库）,所有分类>图书杂志>生活>休闲/爱好>宠物杂事>图书>伴侣犬饲养调教手册（...,1号店,图书,,
1025001007,出版物|图书|生活,DVD碧水丹山武夷山（博库）,所有分类>图书杂志>生活>旅游/地图>旅游攻略>图书>DVD碧水丹山武夷山...,1号店,图书,,
1025001007,出版物|图书|生活,益智脑筋急转弯大全（文轩）,所有分类>图书杂志>生活>体育/运动>休闲运动>图书>益智脑筋急转弯大全（...,1号店,图书,,
1025001007,出版物|图书|生活,图书 语公语婆之魅力女人,所有分类>图书杂志>生活>休闲/爱好>车载户外>图书>图书 语公语婆之魅力...,1号店,图书,,
1025001007,出版物|图书|生活,特警格斗训练教程,所有分类>图书杂志>生活>体育/运动>武术/气功>图书>特警格斗训练教程,1号店,图书,,
1025001007,出版物|图书|生活,夫妻和谐的心灵智慧,所有分类>图书杂志>生活>两性>婚姻>图书>夫妻和谐的心灵智慧,1号店,图书,,
1025001007,出版物|图书|生活,中国地图集,所有分类>图书杂志>生活>旅游/地图>地图>图书>中国地图集,1号店,图书,,
1025001007,出版物|图书|生活,男子性冷淡治疗捌法/性功能障碍治疗丛书,所有分类>图书杂志>生活>保健/养生>性保健>图书>男子性冷淡治疗捌法/...,1号店,图书,,
1025001007,出版物|图书|生活,培养最优秀的女孩,所有分类>图书杂志>生活>亲子/家教>培育女孩>图书>培养最优秀的女孩,1号店,图书,,
1025001007,出版物|图书|生活,鲜花的废墟,所有分类>图书杂志>生活>旅游/地图>国外自助旅游指南>图书>鲜花的废墟,1号店,图书,,
1025001007,出版物|图书|生活,漫步历代古都(漫步中国),图书杂志>生活>旅游/地图>旅游攻略>图书,1号店,图书,,
1025001007,出版物|图书|生活,美容大王,所有分类>图书杂志>生活>时尚/美妆>护肤/美容整形>图书>美容大王,1号店,图书,,
1025001007,出版物|图书|生活,图书 语公语婆之食尚主义,所有分类>图书杂志>生活>休闲/爱好>车载户外>图书>图书 语公语婆之食尚...,1号店,图书,,
1025001007,出版物|图书|生活,图书不生病的饮食纪律,所有分类>图书杂志>生活>保健/养生>常见病预防和治疗>图书>图书不生病的饮食纪律,1号店,图书,,
1025001007,出版物|图书|生活,蟹爪兰栽培技术（博库）,所有分类>图书杂志>杂志>生活家庭>健康之家>图书>蟹爪兰栽培技术（博库...,1号店,图书,,
1025001007,出版物|图书|生活,图书120种花卉的花期调控技术,所有分类>图书杂志>杂志>生活家庭>健康之家>图书>图书120种花卉的花...,1号店,图书,,
1025001007,出版物|图书|生活,名山.名水.名窟.名城,所有分类>图书杂志>生活>旅游/地图>旅游攻略>图书>名山.名水.名窟.名...,1号店,图书,,
1025001007,出版物|图书|生活,搭地铁玩遍北京 书籍 户外旅游 商城 正版 （博雅文汇）,所有分类>图书杂志>生活>旅游/地图>旅游攻略>图书>搭地铁玩遍北京 书籍...,1号店,图书,,
1025001007,出版物|图书|生活,DVD万家灯火健康生活100招<第2辑>(4碟装)（博库）,所有分类>图书杂志>生活>保健/养生>健康百科>图书>DVD万家灯火健康生...,1号店,图书,,
1025001007,出版物|图书|生活,开始在奥地利自助旅行 书籍 户外旅游 商城 正版 （博雅文汇）,所有分类>图书杂志>生活>旅游/地图>旅游攻略>图书>开始在奥地利自助旅行...,1号店,图书,,
1025001007,出版物|图书|生活,苍穹之下 书籍 户外旅游 商城 正版 （博雅文汇）,所有分类>图书杂志>生活>旅游/地图>旅游攻略>图书>苍穹之下 书籍 户外...,1号店,图书,,
1025001007,出版物|图书|生活,走遍全球.加拿大(08-09) 书籍 户外旅游 商城 正版 9787503233845,所有分类>图书杂志>生活>旅游/地图>旅游攻略>图书>走遍全球.加拿大(0...,1号店,图书,,
1025001007,出版物|图书|生活,二八健康黄金法则,所有分类>图书杂志>生活>保健/养生>健康百科>图书>二八健康黄金法则,1号店,图书,,
1025001007,出版物|图书|生活,中国体育三部曲,所有分类>图书杂志>生活>体育/运动>体育理论与教学>图书>中国体育三部曲,1号店,图书,,
1025001007,出版物|图书|生活,DVD李德印太极集锦（博库）,所有分类>图书杂志>生活>体育/运动>其它运动>图书>DVD李德印太极集锦...,1号店,图书,,
1025001007,出版物|图书|生活,完全自游四川一本就GO 书籍 户外旅游 商城 正版 （博雅文汇）,所有分类>图书杂志>生活>旅游/地图>旅游攻略>图书>完全自游四川一本就G...,1号店,图书,,
1025001007,出版物|图书|生活,12天游山西,所有分类>图书杂志>生活>旅游/地图>国内自助旅游指南>图书>12天游山西,1号店,图书,,
1025001007,出版物|图书|生活,荆楚名楼揽胜 书籍 户外旅游 商城 正 （博雅文汇）,所有分类>图书杂志>生活>旅游/地图>旅游攻略>图书>荆楚名楼揽胜 书籍 ...,1号店,图书,,
1025001007,出版物|图书|生活,女性身份研究读本(全国高等院校统编、自编教材),所有分类>图书杂志>生活>两性>两性关系>图书>女性身份研究读本(全...,1号店,图书,,
1025001007,出版物|图书|生活,河北:伟哉长城PANORAMICCHINA：HEBEI-THEGREATWALLLEGACY/全景中国(英文版) PANORAMIC CHINA(ENGLISH),所有分类>图书杂志>生活>旅游/地图>国内自助旅游指南>图书>河北:伟哉长城PAN...,1号店,图书,,
1025001007,出版物|图书|生活,骨质疏松症,所有分类>图书杂志>生活>保健/养生>中老年养生>图书>骨质疏松症,1号店,图书,,
1025001007,出版物|图书|生活,不用剪刀的超人魔法手工--五彩的生活（文轩）,所有分类>图书杂志>孕婴童>3_6岁>图书>不用剪刀的超人魔法手...,1号店,图书,,
1025001007,出版物|图书|生活,健康全家福——家庭自珍·自疗·自救·自助,所有分类>图书杂志>生活>保健/养生>健康百科>图书>健康全家福——家庭自...,1号店,图书,,
1025001007,出版物|图书|生活,每天学点中医养生,所有分类>图书杂志>生活>保健/养生>中医养生>图书>每天学点中医养生,1号店,图书,,
1025001007,出版物|图书|生活,淘!我美丽,所有分类>图书杂志>生活>时尚/美妆>服饰搭配/配饰>图书>淘!我美丽,1号店,图书,,
1025001007,出版物|图书|生活,庭院花卉养护要领（文轩）,所有分类>图书杂志>生活>休闲/爱好>车载户外>图书>庭院花卉养护要领（文...,1号店,图书,,
1025001007,出版物|图书|生活,一定要学会的人气西餐（文轩）,所有分类>图书杂志>生活>休闲/爱好>车载户外>图书>一定要学会的人气西餐...,1号店,图书,,
1025001007,出版物|图书|生活,轻松学养观叶植物（文轩）,所有分类>图书杂志>生活>休闲/爱好>车载户外>图书>轻松学养观叶植物（文...,1号店,图书,,
1025001007,出版物|图书|生活,家庭推拿和简易针灸（博库）,所有分类>图书杂志>生活>保健/养生>运动健康>图书>家庭推拿和简易针灸（...,1号店,图书,,
1025001007,出版物|图书|生活,信息技术与体育教育专业课程整合（文轩）,所有分类>图书杂志>生活>体育/运动>休闲运动>图书>信息技术与体育教育专...,1号店,图书,,
1025001007,出版物|图书|生活,小穴位 大健康2（文轩）,所有分类>图书杂志>生活>保健/养生>健康百科>图书>小穴位 大健康2（文...,1号店,图书,,
1025001007,出版物|图书|生活,食话食说-水果的妙用（文轩）,所有分类>图书杂志>生活>保健/养生>健康百科>图书>食话食说-水果的妙用...,1号店,图书,,
1025001007,出版物|图书|生活,特别关注—婚姻在黑暗中打个盹（文轩）,所有分类>图书杂志>生活>两性>两性关系>图书>特别关注—婚姻在黑暗...,1号店,图书,,
1025001007,出版物|图书|生活,从头练到脚:价值百万的零成本健康小动作（文轩）,所有分类>图书杂志>生活>保健/养生>健康百科>图书>从头练到脚:价值百万...,1号店,图书,,
1025001007,出版物|图书|生活,中世纪服饰（文轩）,所有分类>图书杂志>生活>休闲/爱好>车载户外>图书>中世纪服饰（文轩）,1号店,图书,,
1025001007,出版物|图书|生活,对症经络刮痧全图解（文轩）,所有分类>图书杂志>生活>保健/养生>健康百科>图书>对症经络刮痧全图解（...,1号店,图书,,
1025001007,出版物|图书|生活,DVD建筑博物馆布拉格(环球旅游指南)（博库）,所有分类>图书杂志>生活>旅游/地图>旅游攻略>图书>DVD建筑博物馆布拉...,1号店,图书,,
1025001007,出版物|图书|生活,DVD-R哥萨克 Ⅱ 拿破仑战争(英文版)（博库）,所有分类>图书杂志>生活>休闲/爱好>游戏>图书>DVD-R哥萨克 Ⅱ...,1号店,图书,,
1025001007,出版物|图书|生活,导游业务(刘庆友)（文轩）,所有分类>图书杂志>生活>旅游/地图>旅游攻略>图书>导游业务(刘庆友)（...,1号店,图书,,
1025001007,出版物|图书|生活,215款简单好玩的剪纸（文轩）,所有分类>图书杂志>生活>休闲/爱好>车载户外>图书>215款简单好玩的剪...,1号店,图书,,
1025001007,出版物|图书|生活,图书 日本(第2版)文化震撼之旅,所有分类>图书杂志>生活>旅游/地图>国外自助旅游指南>图书>图书 日本(第2版)...,1号店,图书,,
1025001007,出版物|图书|生活,健康快乐才是福—老爸老妈不生病的智慧,所有分类>图书杂志>生活>保健/养生>健康百科>图书>健康快乐才是福—老爸...,1号店,图书,,
1025001007,出版物|图书|生活,讲给银屑病患者的故事（文轩）,所有分类>图书杂志>生活>保健/养生>健康百科>图书>讲给银屑病患者的故事...,1号店,图书,,
1025001007,出版物|图书|生活,图书 饮食宜忌.全知道/超值白金版,所有分类>图书杂志>生活>保健/养生>健康百科>图书>图书 饮食宜忌.全知...,1号店,图书,,
1025001007,出版物|图书|生活,魅力魔法:内外兼修成就美女（文轩）,所有分类>图书杂志>生活>休闲/爱好>车载户外>图书>魅力魔法:内外兼修成...,1号店,图书,,
1025001007,出版物|图书|生活,名品兰花鉴赏金典（文轩）,所有分类>图书杂志>生活>休闲/爱好>车载户外>图书>名品兰花鉴赏金典（文...,1号店,图书,,
1025001007,出版物|图书|生活,本草纲目家常食疗宝典,所有分类>图书杂志>生活>保健/养生>健康百科>图书>本草纲目家常食疗宝典,1号店,图书,,
1025001007,出版物|图书|生活,小毛病诊治不求人,所有分类>图书杂志>生活>保健/养生>常见病预防和治疗>图书>小毛病诊治不求人,1号店,图书,,
1025001007,出版物|图书|生活,把他看穿—如何解密身边的男人（文轩）,所有分类>图书杂志>生活>两性>两性关系>图书>把他看穿—如何解密身...,1号店,图书,,
1025001007,出版物|图书|生活,类风湿关节炎针刀治疗与康复/专科专病针刀治疗与康复丛书,所有分类>图书杂志>生活>保健/养生>中医养生>图书>类风湿关节炎针刀治疗...,1号店,图书,,
1025001007,出版物|图书|生活,少林秘宗断魂手,所有分类>图书杂志>生活>体育/运动>武术/气功>图书>少林秘宗断魂手,1号店,图书,,
1025001007,出版物|图书|生活,浪漫丝带花丛书 丝带花结基础（文轩）,所有分类>图书杂志>生活>时尚/美妆>服饰搭配/配饰>图书>浪漫丝带花丛书 丝带...,1号店,图书,,
1025001007,出版物|图书|生活,新世纪航模丛书:中国航空模型运动史　（文轩）,所有分类>图书杂志>生活>体育/运动>其它运动>图书>新世纪航模丛书:中国...,1号店,图书,,
1025001007,出版物|图书|生活,轻松美肌瘦身术,所有分类>图书杂志>生活>时尚/美妆>瘦身美体>图书>轻松美肌瘦身术,1号店,图书,,
1025001007,出版物|图书|生活,降血脂食谱,所有分类>图书杂志>生活>保健/养生>饮食健康>图书>降血脂食谱,1号店,图书,,
1025001007,出版物|图书|生活,北欧斯堪的纳维亚(双色),所有分类>图书杂志>生活>旅游/地图>国外自助旅游指南>图书>北欧斯堪的纳维亚(双...,1号店,图书,,
1025001007,出版物|图书|生活,时尚女人健康指南,所有分类>图书杂志>生活>保健/养生>女性/儿童>图书>时尚女人健康指南,1号店,图书,,
1025001007,出版物|图书|生活,脊骨保健（文轩）,所有分类>图书杂志>生活>保健/养生>健康百科>图书>脊骨保健（文轩）,1号店,图书,,
1025001007,出版物|图书|生活,“坏”女人会约会(最新版),所有分类>图书杂志>生活>两性>恋爱>图书>“坏”女人会约会(最...,1号店,图书,,
1025001007,出版物|图书|生活,破译男人密码,所有分类>图书杂志>生活>两性>两性关系>图书>破译男人密码,1号店,图书,,
1025001007,出版物|图书|生活,全世界都在教的9堂教育课,所有分类>图书杂志>生活>亲子/家教>品格养成>图书>全世界都在教的9堂教...,1号店,图书,,
1025001007,出版物|图书|生活,自然养生法,所有分类>图书杂志>生活>保健/养生>中医养生>图书>自然养生法,1号店,图书,,
1025001007,出版物|图书|生活,养气血.女人健康的根本（文轩）,所有分类>图书杂志>生活>保健/养生>健康百科>图书>养气血.女人健康的根...,1号店,图书,,
1025001007,出版物|图书|生活,出城去/北京周边乡村自助休闲游（文轩）,所有分类>图书杂志>生活>旅游/地图>旅游攻略>图书>出城去/北京周边乡村...,1号店,图书,,
1025001007,出版物|图书|生活,DVD简单推拿不生病(下肢)（博库）,所有分类>图书杂志>生活>保健/养生>健康百科>图书>DVD简单推拿不生病...,1号店,图书,,
1025001007,出版物|图书|生活,CD黄帝内经养生智慧 曲黎敏主讲 (6碟装)（博库）,所有分类>图书杂志>生活>保健/养生>健康百科>图书>CD黄帝内经养生智慧...,1号店,图书,,
1025001007,出版物|图书|生活,美人SPA瑜伽,所有分类>图书杂志>生活>时尚/美妆>瑜伽>图书>美人SPA瑜伽,1号店,图书,,
1025001007,出版物|图书|生活,高血压病自我调养常见病自我调养丛书,所有分类>图书杂志>生活>保健/养生>常见病预防和治疗>图书>高血压病自我调养常见...,1号店,图书,,
1025001007,出版物|图书|生活,西藏深度游,所有分类>图书杂志>生活>旅游/地图>旅游攻略>图书>西藏深度游,1号店,图书,,
1025001007,出版物|图书|生活,图书 寻觅意大利:意大利、梵蒂冈:意大利、梵蒂冈,所有分类>图书杂志>生活>旅游/地图>旅游攻略>图书>图书 寻觅意大利:意...,1号店,图书,,
1025001007,出版物|图书|生活,寻觅奥地利,所有分类>图书杂志>生活>旅游/地图>旅游攻略>图书>寻觅奥地利,1号店,图书,,
1025001007,出版物|图书|生活,生活习俗(人文西藏),所有分类>图书杂志>社科>文化>中国民俗>图书>生活习俗(人文西藏),1号店,图书,,
1025001007,出版物|图书|生活,增演易筋洗髓内功图说（上卷）,所有分类>图书杂志>生活>体育/运动>武术/气功>图书>增演易筋洗髓内功图说...,1号店,图书,,
1025001007,出版物|图书|生活,七星螳螂拳:梅花路/少林传统功夫系列丛书,所有分类>图书杂志>生活>体育/运动>武术/气功>图书>七星螳螂拳:梅花路/...,1号店,图书,,
1025001007,出版物|图书|生活,我看见的疼痛,所有分类>图书杂志>生活>两性>恋爱>图书>我看见的疼痛,1号店,图书,,
1025001007,出版物|图书|生活,图书 幸福就在抬头间,所有分类>图书杂志>生活>两性>两性关系>图书>图书 幸福就在抬头间,1号店,图书,,
1025001007,出版物|图书|生活,大夏书系·教书，不简单：一位乡村教师的教育生活（文轩）,所有分类>图书杂志>教育>工具书>百科全书/年鉴>图书>大夏书系·教书，不简...,1号店,图书,,
1025001007,出版物|图书|生活,图书 拔罐健康法,所有分类>图书杂志>生活>保健/养生>健康百科>图书>图书 拔罐健康法,1号店,图书,,
1025001007,出版物|图书|生活,山东行知书,所有分类>图书杂志>生活>旅游/地图>国内自助旅游指南>图书>山东行知书,1号店,图书,,
1025001007,出版物|图书|生活,图书 解读健康密码:国人健康手机号(升级版),所有分类>图书杂志>生活>保健/养生>健康百科>图书>图书 解读健康密码:...,1号店,图书,,
1025001007,出版物|图书|生活,图书 温州楠溪行/温州乡土文化书系 胡伟生 2010-01-01,所有分类>图书杂志>生活>旅游/地图>旅游攻略>图书>图书 温州楠溪行/温...,1号店,图书,,
1025001007,出版物|图书|生活,图书 秘密香港 (韩)申钟淑 2012-09-01,所有分类>图书杂志>生活>旅游/地图>旅游攻略>图书>图书 秘密香港 (韩...,1号店,图书,,
1025001007,出版物|图书|生活,图书 乙型肝炎自然疗法,所有分类>图书杂志>生活>保健/养生>健康百科>图书>图书 乙型肝炎自然疗...,1号店,图书,,
1025001007,出版物|图书|生活,图书 美国深度游Follow me(最新超值版),所有分类>图书杂志>生活>旅游/地图>旅游攻略>图书>图书 美国深度游Fo...,1号店,图书,,
1025001007,出版物|图书|生活,图书 多肉萌物志 小扣,所有分类>图书杂志>生活>休闲/爱好>车载户外>图书>图书 多肉萌物志 小...,桃涩 2013-04-01,1号店,图书,
1025001007,出版物|图书|生活,图书 家庭小茶方:小病烦恼一扫光,所有分类>图书杂志>生活>保健/养生>健康百科>图书>图书 家庭小茶方:小...,1号店,图书,,
1025001007,出版物|图书|生活,这才是台.湾（文轩）,所有分类>图书杂志>生活>旅游/地图>旅游攻略>图书>这才是台.湾（文轩）,1号店,图书,,
1025001007,出版物|图书|生活,女人就要有心计（文轩）,所有分类>图书杂志>生活>两性>两性关系>图书>女人就要有心计（文轩...,1号店,图书,,
1025001007,出版物|图书|生活,天府四川-四川导游词精典（文轩）,所有分类>图书杂志>生活>旅游/地图>旅游攻略>图书>天府四川-四川导游词...,1号店,图书,,
1025001007,出版物|图书|生活,与幸福有关的十堂观影课（文轩）,所有分类>图书杂志>生活>两性>两性关系>图书>与幸福有关的十堂观影...,1号店,图书,,
1025001007,出版物|图书|生活,图书 有修养的女人不长胖,所有分类>图书杂志>生活>休闲/爱好>车载户外>图书>图书 有修养的女人不...,1号店,图书,,
1025001007,出版物|图书|生活,学围棋,所有分类>图书杂志>生活>体育/运动>围棋>图书>学围棋,1号店,图书,,
1025001007,出版物|图书|生活,多维保健康,所有分类>图书杂志>生活>保健/养生>健康百科>图书>多维保健康,1号店,图书,,
1025001007,出版物|图书|生活,专家解答冠心病,所有分类>图书杂志>生活>保健/养生>常见病预防和治疗>图书>专家解答冠心病,1号店,图书,,
1025001007,出版物|图书|生活,儿童自我保护能力训练全书,所有分类>图书杂志>生活>亲子/家教>素质教育>图书>儿童自我保护能力训练...,1号店,图书,,
1025001007,出版物|图书|生活,全身按摩一学就会,所有分类>图书杂志>生活>保健/养生>中医养生>图书>全身按摩一学就会,1号店,图书,,
1025001007,出版物|图书|生活,婆媳过招66式（文轩）,所有分类>图书杂志>生活>两性>两性关系>图书>婆媳过招66式（文轩...,1号店,图书,,
1025001007,出版物|图书|生活,手竿钓鱼技巧问答（文轩）,所有分类>图书杂志>生活>体育/运动>休闲运动>图书>手竿钓鱼技巧问答（文...,1号店,图书,,
1025001007,出版物|图书|生活,图书 旅游饭店星级的划分与评定:条款解析与操作实务（GB/T14308-2010,所有分类>图书杂志>生活>旅游/地图>旅游理论与实务>图书>图书 旅游饭店星级的...,1号店,图书,,
1025001007,出版物|图书|生活,旅游职业道德概论,所有分类>图书杂志>生活>旅游/地图>旅游理论与实务>图书>旅游职业道德概论,1号店,图书,,
1025001007,出版物|图书|生活,快乐围棋教室.中级篇,所有分类>图书杂志>生活>时尚/美妆>护肤/美容整形>图书>快乐围棋教室.中级篇,1号店,图书,,
1025001007,出版物|图书|生活,爱让成长不烦恼:金老师的幸福教子书,所有分类>图书杂志>生活>亲子/家教>亲子关系>图书>爱让成长不烦恼:金老...,1号店,图书,,
1025001007,出版物|图书|生活,开着房车走北美,所有分类>图书杂志>生活>旅游/地图>旅游随笔>图书>开着房车走北美,1号店,图书,,
1025001007,出版物|图书|生活,家庭饮食宜忌全书,所有分类>图书杂志>生活>保健/养生>饮食健康>图书>家庭饮食宜忌全书,1号店,图书,,
1025001007,出版物|图书|生活,大学武术与健身（文轩）,所有分类>图书杂志>生活>体育/运动>休闲运动>图书>大学武术与健身（文轩...,1号店,图书,,
1025001007,出版物|图书|生活,东京攻略,所有分类>图书杂志>生活>旅游/地图>城市自助旅游指南>图书>东京攻略,1号店,图书,,
1025001007,出版物|图书|生活,()活法儿,所有分类>图书杂志>生活>保健/养生>健康百科>图书>()活法儿,1号店,图书,,
1025001007,出版物|图书|生活,江南自驾路书 书籍 户外旅游 商城 正版 （博雅文汇）,所有分类>图书杂志>生活>旅游/地图>旅游攻略>图书>江南自驾路书 书籍 ...,1号店,图书,,
1025001007,出版物|图书|生活,走遍中国.广东(第2版) 书籍 户外旅游 商城 正版（博雅文汇）,所有分类>图书杂志>生活>旅游/地图>旅游攻略>图书>走遍中国.广东(第2...,1号店,图书,,
1025001007,出版物|图书|生活,完全自游-西安一本就GO,所有分类>图书杂志>生活>旅游/地图>城市自助旅游指南>图书>完全自游-西安一本就...,1号店,图书,,
1025001007,出版物|图书|生活,神奇收...,所有分类>图书杂志>生活>休闲/爱好>车载户外>图书>20天大变身,20天大变身,神奇收腹操（文轩）,1号店,图书
1025001007,出版物|图书|生活,拉布拉多猎犬 /乡间名士（文轩）,所有分类>图书杂志>生活>休闲/爱好>车载户外>图书>拉布拉多猎犬 /乡间...,1号店,图书,,
1025001007,出版物|图书|生活,图书 江湖残局图谱(4),所有分类>图书杂志>生活>体育/运动>休闲运动>图书>图书 江湖残局图谱(...,1号店,图书,,
1025001007,出版物|图书|生活,图书 欧洲购物血拼秘籍,所有分类>图书杂志>生活>旅游/地图>旅游攻略>图书>图书 欧洲购物血拼秘...,1号店,图书,,
1025001007,出版物|图书|生活,快速甩掉肚皮肉,所有分类>图书杂志>生活>时尚/美妆>瘦身美体>图书>快速甩掉肚皮肉,1号店,图书,,
1025001007,出版物|图书|生活,婚姻七日谈,所有分类>图书杂志>生活>两性>婚姻>图书>婚姻七日谈,1号店,图书,,
1025001007,出版物|图书|生活,首都城乡体育发展一体化研究,所有分类>图书杂志>生活>体育/运动>体育理论与教学>图书>首都城乡体育发展一体...,1号店,图书,,
1025001007,出版物|图书|生活,图解瑜伽按摩经典体位,所有分类>图书杂志>生活>时尚/美妆>瑜伽>图书>图解瑜伽按摩经典体位,1号店,图书,,
1025001007,出版物|图书|生活,柔力球太极套路教与学,所有分类>图书杂志>生活>体育/运动>太极>图书>柔力球太极套路教与学,1号店,图书,,
1025001007,出版物|图书|生活,DVD15分钟快瘦普拉提(水晶版)（博库）,所有分类>图书杂志>生活>体育/运动>其它运动>图书>DVD15分钟快瘦普...,1号店,图书,,
1025001007,出版物|图书|生活,乙肝转阴康复全书,所有分类>图书杂志>生活>保健/养生>常见病预防和治疗>图书>乙肝转阴康复全书,1号店,图书,,
1025001007,出版物|图书|生活,居家照顾一点通,所有分类>图书杂志>生活>时尚/美妆>奢侈品>图书>居家照顾一点通,1号店,图书,,
1025001007,出版物|图书|生活,2011版中国自驾游地图集,所有分类>图书杂志>生活>旅游/地图>旅游地图/自驾游>图书>2011版中国自驾游...,1号店,图书,,
1025001007,出版物|图书|生活,穿出你的魅力色彩,所有分类>图书杂志>生活>时尚/美妆>服饰搭配/配饰>图书>穿出你的魅力色彩,1号店,图书,,
1025001007,出版物|图书|生活,宁夏回族自治区地图,所有分类>图书杂志>生活>旅游/地图>地图>图书>宁夏回族自治区地图,1号店,图书,,
1025001007,出版物|图书|生活,腰腿痛防治图解,所有分类>图书杂志>生活>保健/养生>常见病预防和治疗>图书>腰腿痛防治图解,1号店,图书,,
1025001007,出版物|图书|生活,新疆秘符:不去天堂去新疆,所有分类>图书杂志>生活>旅游/地图>国内自助旅游指南>图书>新疆秘符:不去天堂去...,1号店,图书,,
1025001007,出版物|图书|生活,巴黎女人的时尚经（文轩）,所有分类>图书杂志>生活>休闲/爱好>车载户外>图书>巴黎女人的时尚经（文...,1号店,图书,,
1025001007,出版物|图书|生活,高血脂居家自疗手册,所有分类>图书杂志>生活>保健/养生>常见病预防和治疗>图书>高血脂居家自疗手册,1号店,图书,,
1025001007,出版物|图书|生活,现代饭店职业经理人教程,所有分类>图书杂志>生活>旅游/地图>旅游理论与实务>图书>现代饭店职业经理人教...,1号店,图书,,
1025001007,出版物|图书|生活,最厦门,所有分类>图书杂志>生活>旅游/地图>城市自助旅游指南>图书>最厦门,1号店,图书,,
1025001007,出版物|图书|生活,温馨花生活（文轩）,所有分类>图书杂志>生活>休闲/爱好>车载户外>图书>温馨花生活（文轩）,1号店,图书,,
1025001007,出版物|图书|生活,数独精选(终级)（博库）,所有分类>图书杂志>生活>休闲/爱好>游戏>图书>数独精选(终级)（博...,1号店,图书,,
1025001007,出版物|图书|生活,到伦敦去（博库）,所有分类>图书杂志>生活>旅游/地图>旅游随笔>图书>到伦敦去（博库）,1号店,图书,,
1025001007,出版物|图书|生活,手足按摩全真图解（文轩）,所有分类>图书杂志>生活>保健/养生>健康百科>图书>手足按摩全真图解（文...,1号店,图书,,
1025001007,出版物|图书|生活,Lonely Planet旅行指南系列:陕西（文轩）,所有分类>图书杂志>生活>旅游/地图>旅游攻略>图书>Lonely Pla...,1号店,图书,,
1025001007,出版物|图书|生活,滋补男人头脑的99个良方（文轩）,所有分类>图书杂志>生活>两性>两性关系>图书>滋补男人头脑的99个...,1号店,图书,,
1025001007,出版物|图书|生活,新农村建设背景下我国村落农民体育的理论与实证研究（文轩）,所有分类>图书杂志>生活>体育/运动>休闲运动>图书>新农村建设背景下我国...,1号店,图书,,
1025001007,出版物|图书|生活,不生病的生活,所有分类>图书杂志>生活>保健/养生>健康百科>图书>不生病的生活,1号店,图书,,
1025001007,出版物|图书|生活,高血压饮食宜忌与中医调养（文轩）,所有分类>图书杂志>生活>保健/养生>健康百科>图书>高血压饮食宜忌与中医...,1号店,图书,,
1025001007,出版物|图书|生活,李昌镐儿童围棋教室·入门篇1（文轩）,所有分类>图书杂志>生活>体育/运动>休闲运动>图书>李昌镐儿童围棋教室·...,1号店,图书,,
1025001007,出版物|图书|生活,李昌镐儿童围棋教室.初级篇2（文轩）,所有分类>图书杂志>生活>体育/运动>休闲运动>图书>李昌镐儿童围棋教室....,1号店,图书,,
1025001007,出版物|图书|生活,纽约一本就GO!(2011-2012版)（文轩）,所有分类>图书杂志>生活>旅游/地图>旅游攻略>图书>纽约一本就GO!(2...,1号店,图书,,
1025001007,出版物|图书|生活,四川旅游完全指南（文轩）,所有分类>图书杂志>生活>旅游/地图>旅游攻略>图书>四川旅游完全指南（文...,1号店,图书,,
1025001007,出版物|图书|生活,江湖残局2（文轩）,所有分类>图书杂志>生活>体育/运动>休闲运动>图书>江湖残局2（文轩）,1号店,图书,,
1025001007,出版物|图书|生活,北欧/走遍全球(2011-2012)（文轩）,所有分类>图书杂志>生活>旅游/地图>旅游攻略>图书>北欧/走遍全球(20...,1号店,图书,,
1025001007,出版物|图书|生活,从零开始阳台养花（文轩）,所有分类>图书杂志>生活>休闲/爱好>车载户外>图书>从零开始阳台养花（文...,1号店,图书,,
1025001007,出版物|图书|生活,民间偏方养生治病一本通（文轩）,所有分类>图书杂志>生活>保健/养生>健康百科>图书>民间偏方养生治病一本...,1号店,图书,,
1025001007,出版物|图书|生活,常见眼病食疗（文轩）,所有分类>图书杂志>生活>保健/养生>健康百科>图书>常见眼病食疗（文轩）,1号店,图书,,
1025001007,出版物|图书|生活,山西自助游(2011-2012版)（文轩）,所有分类>图书杂志>生活>旅游/地图>旅游攻略>图书>山西自助游(2011...,1号店,图书,,
1025001007,出版物|图书|生活,给少男一族的幸福秘笈（文轩）,所有分类>图书杂志>生活>两性>两性关系>图书>给少男一族的幸福秘笈...,1号店,图书,,
1025001007,出版物|图书|生活,和儿子说的知心话：父母送给青春期儿子最好的礼物,所有分类>图书杂志>生活>亲子/家教>品格养成>图书>和儿子说的知心话：父...,1号店,图书,,
1025001007,出版物|图书|生活,手筋的妙用（攻防篇）,所有分类>图书杂志>生活>体育/运动>围棋>图书>手筋的妙用（攻防篇）,1号店,图书,,
1025001007,出版物|图书|生活,桃花泉弈谱,所有分类>图书杂志>生活>体育/运动>围棋>图书>桃花泉弈谱,1号店,图书,,
1025001007,出版物|图书|生活,清华大学(汉英对照),所有分类>图书杂志>生活>旅游/地图>城市自助旅游指南>图书>清华大学(汉英对照),1号店,图书,,
1025001007,出版物|图书|生活,样板家居 时尚宜居（文轩）,所有分类>图书杂志>生活>家庭/家居>家装效果实例>图书>样板家居 时尚宜居（...,1号店,图书,,
1025001007,出版物|图书|生活,跟着建筑去旅行:你不可不知的50座伟大建筑,所有分类>图书杂志>生活>旅游/地图>旅游攻略>图书>跟着建筑去旅行:你不...,1号店,图书,,
1025001007,出版物|图书|生活,家庭新成员,所有分类>图书杂志>孕婴童>图画书>平装图画书>图书>家庭新成员,1号店,图书,,
1025001007,出版物|图书|生活,养好胃活百岁,所有分类>图书杂志>生活>保健/养生>健康百科>图书>养好胃活百岁,1号店,图书,,